Model Name,Vocabulary Size,Number of Correct Labels,Number of Valid Answers,"Model Accuracy 
"
word2vec-google-news-300,3000000,70,79,0.8860759493670886

glove-wiki-gigaword-300,400000,71,80,0.8875

glove-twitter-200,1193514,0,78,0.0

glove-twitter-25,1193514,0,78,0.0

glove-twitter-200,1193514,42,69,0.6086956521739131

glove-twitter-25,1193514,33,69,0.4782608695652174

glove-twitter-25,1193514,36,78,0.46153846153846156

glove-twitter-200,1193514,44,78,0.5641025641025641

